A,AAP,AAPL
25.85,41.54,165.298
25.22,41.5,165.18
25.29,41.62,166.55
25.86,41.2,170.31
26.41,41.5,172.93
27.15,41.55,171.14
27.86,40.61,172.56
28.05,39.15,172.16
28.1,39.67,173.72
28.32,39.03,175.16
28.63,38.78,181.87
28.49,38.71,184.55
28.37,39.28,185.02
28.81,40.11,184.02
28.53,40.32,184.48
28.27,38.63,185.5
27.83,38.98,183.82
27.58,39.17,182.37
27.89,39.39,186.1519
27.9,39.19,185.38
27.83,39.28,185.35
26.61,37.94,180.8599
26.31,37.48,184.9
26.82,37.65,186.024
27.22,38.6,190.01
27.1,38.59,190.25
27.4,38.38,189.27
27.47,38.47,190.47
27.46,38.26,190.81
27.29,38.14,190.02
27.59,39.2,191.29
27.62,39.37,190.56
27.21,39.65,188.05
27.4,39.41,189.86
26.47,38.4,198.76
26.88,37.46,204.92
26.87,37.74,205.2
26.2,36.7,203.94
25.71,36.61,202.48
25.73,36.91,197.37
25.32,36.49,192.4
25.73,37.25,196.35
24.74,37.26,188.5
25.07,36.87,189.31
25.03,38.54,188.75
25.05,37.42,190.81
26.13,37.72,194.0301
26.17,38.04,194.34
26.96,38.19,201.46
27,39,202.98
27.46,40.28,203.25
27.43,38.69,201.99
28.61,39.25,204.45
29.37,39.6,206.63
29.63,39.86,207
29.46,40.96,205.96
29.13,40.12,200.51
28.91,39.74,199.92
29.28,39.39,205.88
29.24,39.16,204.44
29.54,39.47,204.19
28.85,39.45,200.59
28.92,39.3,199.91
29.44,40.38,196.97
29.49,40.61,196.23
29.7,40.35,196.48
29.86,40.92,193.32
29.88,40.75,188.95
29.59,40.44,189.87
29.25,39.99,197.8
29.69,39.82,196.43
29.64,40.37,194.67
29.97,41.05,196.98
29.9,40.59,194.17
29.77,40.72,195.03
29.44,40.78,191.86
29.4,40.92,195.43
29.91,41.58,198.23
30.18,41.47,200.36
30.3,41.37,202.1
30.33,41.38,209.04
30.4,41.22,211.61
30.33,40.76,209.1
31.1,41.01,211.64
31.07,40.48,210.732
31.3,40.38,214.01
30.96,40.14,214.38
30.85,40.49,210.97
30.81,40.48,210.58
30.8,40.64,211.98
30.82,40.24,210.11
30.45,39.54,207.72
30.69,40.09,210.65
31.15,39.56,209.43
30.43,39.31,205.93
30.8,39.5,215.04
30.63,39.16,211.725
30.52,39.23,208.072
29.17,39.74,197.75
29.45,40.5,203.075
29.29,40.55,205.94
29.17,40.59,207.884
28.69,39.77,199.29
28.03,39.45,192.063
29.13,40.49,194.73
29.5,41.19,195.86
29.54,41.19,199.23
29.07,40.93,192.05
29.17,40.72,195.46
29.2,40.81,194.12
29.41,41.57,196.19
29.25,42.33,195.116
29.36,42.55,198.67
29.98,42.81,200.38
30.25,42.63,203.4
30.63,42.88,202.55
30.98,40.15,202.928
31.2,40,201.67
31.15,40.24,200.416
30.85,40.22,197.059
31.23,40.46,200.656
31.09,40.73,202
31.46,40.8,204.62
32.09,41.3,208.99
32.36,41.34,208.85
32.44,41.49,209.33
32.26,41.78,210.71
33.16,42.29,218.95
33,42.1,219.08
33.27,41.94,223.02
33.66,42.13,224.84
33.58,42.38,225.5
33.42,42.18,226.6
33.31,42.08,223.84
33.42,42.3,224.45
33.38,42.35,224.12
33.46,42.5,224.65
33.42,43.26,222.2499
33.72,43.64,224.75
34.11,43.96,228.36
33.9,43.39,229.37
34.55,43.02,226.65
34.31,42.48,230.9
34.4,42.19,232.39
34.62,42.23,235.845
34.39,41.92,235
34.55,42.36,235.97
34.82,42.67,238.49
34.56,42.56,239.54
34.29,42.1,240.6
33.99,42.25,239.95
34.23,42.13,241.79
34.21,42.41,242.29
33.9,42.26,242.43
34.41,45.28,245.69
35.63,45.38,248.92
35.27,45.04,247.4
35.16,44.45,247.07
36.29,44.46,244.59
36.13,44.97,259.22
36.44,45.49,266.4695
36.64,46.11,270.83
36.82,46.32,269.5
36.22,45.24,262.04
36.64,45.53,261.6
37.23,45.88,268.64
36.26,45.1,261.09
36.77,46.32,266.35
35.36,45.67,258.68
34.76,45.12,255.985
33.28,44.2,246.25
31.87,43.76,235.86
34.19,45.11,253.99
34.07,45.41,256.52
34.81,45.96,262.09
34.78,45.25,258.36
33.86,44.9,253.82
34.19,45.75,254.22
32.07,45.75,252.36
32.59,46.09,248.34
31.04,48.99,237.76
31.34,49.47,242.32
31.4,49.55,246.76
31.24,51.03,245.22
31.49,50.2,244.109
32.75,51.33,253.35
32.36,51.76,256.88
31.48,50.37,260.83
32.22,51.35,263.95
32.4,51.49,263.12
30.335,50.16,255.965
30.1,48.6,250.94
29.84,49.46,249.33
29.52,49.69,243.2
30.45,50.23,250.51
30.73,50.51,253.51
31.46,50.8,254.28
32.2,52.14,259.69
32.63,51.98,267.25
32.47,51.89,271.87
32.61,51.59,274.074
32.43,51.34,270.17
32.02,50.32,273.85
31.97,50.87,270.97
30.76,50.94,269
30.69,50.9,266.7
30.58,50.47,268.3
29.21,50.28,256.17
28.43,50.18,251.53
28.28,51.7,248.48
27.79,51.01,246.94
27.75,50.5,248.63
28.57,50.89,258.665
28.81,50.82,258.09
28.65,51.27,259.62
28.2,51.46,257.285
28.75,52.65,251.798
28.69,52.6,252.727
28.4,53.06,251.45
27.03,51.34,249.9
27.54,51.96,245.58
27.52,53,251.89
27.58,51.69,254.24
28.72,53.1,259.024
29.3,54.17,259.94
29.64,54.85,259.28
28.87,54.54,264.08
28.78,53.64,260.96
28.15,53.18,258.11
27.93,53.53,257.25
28.82,53.43,261.85
27.84,52.61,261.93
28.29,53.36,262.98
28.46,53.87,261.7
28.73,52.75,260.091
29.82,53.26,261.75
29.46,53.05,259.41
28.22,51.91,250.19
27.53,54.62,251.79
27.35,54.26,249.1
27.16,54.3,247.64
29.28,54.5,251.97
29.44,55.19,253.07
28.54,55.28,249.88
28.56,55.89,249.64
27.96,54.75,245.8
27.36,54.26,239.93
27.69,54.86,242.89
27.51,54.68,240.28
27.96,55.58,241.62
27.68,54.16,242.5
26.97,54.47,243.1
28.29,55.48,250.33
29.21,56.29,252.17
29.85,56.54,258.77
28.99,56.28,257.81
28.84,56.56,262.92
28.93,56.04,263.07
28.91,56.07,263.41
29.13,56.56,267.04
29.17,57.36,268.06
29.41,57.41,270.22
30.04,57.99,276.57
30.55,58.15,275.37
31.03,59.16,283.23
31.15,58.41,283.77
30.76,59.81,287.75
30.56,58.86,288.92
32.09,59.61,292.32
32,59.38,291.164
32.34,59.46,286.86
32.58,59.66,287.37
33.37,58.68,283.75
33.73,58.7,282.52
32.59,57.78,278.64
33.04,58.67,288.94
32.67,58.45,289.19
33.2,58.79,289.22
33.8,58.55,294.07
33.75,59.27,295.36
33.68,59.86,298.54
34.31,59.98,300.14
34.23,59.79,302.31
34.48,60.96,314.74
34.66,60.36,318
34.02,60.39,309.49
34.66,61.15,310.53
34.75,61.01,309.52
34.75,61.4,307.47
34.9,62.08,308.84
34.8,61.86,308.05
34.59,61.42,307.83
34.92,63.88,305.24
34.8,64.98,300.98
34.75,64.76,304.18
35.06,64.57,309.36
35.11,64.94,312.8
35.99,65.81,318.27
36.38,65.63,317.13
36.18,65.97,318.62
35.48,66.01,316.08
35.26,66.72,318.03
35.73,66.34,316.655
36.36,64.53,308.03
36.2,65.21,307.035
35.04,65.29,301.59
35.21,65.5,300.5
36.23,65.51,308.43
36.46,65.07,306.73
36.28,66.46,313.36
35.43,66.27,308.73
36.34,67,314.795
36.35,67.11,315
35.65,66.91,316.87
35.02,65.99,311.15
36.12,66.15,316.4
36.72,67.54,318.15
37.48,68.23,317.44
37.13,68.54,320.15
37.58,67.2,318.21
37.66,67.71,321.01
38.05,67.87,319.7575
38.54,67.92,320.56
38.7,68,321.67
38.9,68.03,320.29
38.48,67.78,320.36
39.74,67.88,321.25
40.54,66.79,320.61
40.63,67.39,322.21
40.83,66.73,324.205
41.06,66.56,325.16
41.07,66.57,323.6
41.92,66.42,324.68
41.51,66.25,325.47
41.69,66.45,325.29
41.59,66.72,323.66
41.43,66.15,322.56
41.88,65.5,329.57
41.49,62.24,331.29
41.4,62.32,334
41.48,60.27,333.73
41.62,61.88,336.12
42.22,62.34,342.455
42.94,61.97,341.64
43.13,62.8,344.42
42.97,62.99,345.68
43.26,63.18,348.48
44.35,62.91,340.65
42.43,63.46,338.84
42.29,63.16,332.68
42.11,63.51,326.72
42.77,63.44,337.45
42.69,64.02,341.4
42.57,64.25,343.85
42.45,64.15,343.21
40.98,64.09,336.1
41.83,63.94,339.32
42.05,63.35,345.03
41.23,61.61,344.32
40.99,62.48,343.44
42.99,63.98,346.5
44.44,64.5,351.88
44.17,64.9,355.2
43.43,66,358.16
44,65.25,354.54
45.02,65.3,356.85
44.79,63.78,359.18
42.65,63.53,359.9
43.57,64.41,363.13
43.92,62.81,358.3
43.92,62.39,350.56
42.49,61.43,338.61
40.45,60.7,342.62
41.15,61.32,342.88
42.36,62.63,348.16
42.08,62.68,353.21
40.68,62.63,349.31
41.46,63.02,352.12
42.82,64.46,359.56
46.75,63.79,360
45.87,63.05,355.36
45.97,64.08,355.76
46.05,64.51,352.47
44.88,64.89,346.67
45.34,65.6,351.99
44.84,65.28,353.56
43.82,65.42,345.43
42.33,64.93,330.01
42.45,64.48,334.64
42.94,64.8,330.67
43.95,65,339.3
43.19,64.99,341.2
43.67,65.34,339.19
43.91,66.52,344.97
44.04,66.26,351.54
43.96,65.62,350.44
44.56,65.59,350.96
45.09,65.91,348.63
44.78,65.62,348.5075
45.14,66.16,344.56
44.83,66.1,341.19
45.34,67.78,338.89
45.29,67.59,338.04
44.87,67.3,338.08
44.89,66.46,335.06
44.99,65.65,330.8
44.94,65.64,332.4
46.59,64,336.13
46.63,63.97,332.42
47.5,63.84,327.46
46.58,64.5,331.85
46.74,65,337.86
48.64,66.13,342.41
49.34,66.42,350.696
48.18,65.73,353.009
49.4,65.91,350.42
50.03,66.35,350.15
50.32,66.18,346.75
49.91,65.46,350.13
50.44,65.44,346.28
50.6,66.06,348.2
49.5,65.76,349.57
49.17,65.86,346.75
49.73,65.05,346.66
49.88,65.51,347.6
50.67,66.28,349.45
50.03,68.83,347.23
50.33,69.41,346.57
52.58,72.16,340.5
52.32,70.18,333.3
51.17,69.72,336.14
51.73,70.66,339.87
51.16,63.49,340.53
50.7,63.27,335.22
49.1,62.99,334.4
48.69,62.2,332.19
49.02,62.49,336.78
49.39,62.66,335
49.6,62.12,337.41
49.87,62.1,347.83
48,61.02,345.51
48.18,60.51,346.102
47.43,59.77,343.44
47.06,58.89,338.04
47.7,58.43,332.04
47.74,58.4,332.24
48.71,58.16,331.49
48.19,57.97,325.9
47.53,57.97,326.6
48.97,57.25,332.44
47.37,57.44,326.75
47.06,58.59,325.16
47.43,58.12,320.26
48.38,59.04,315.32
49.82,58.89,325.3
48.95,58.65,322.61
49.38,59.01,331.23
48.49,57.99,326.35
48.85,58.03,332.04
50.48,58.15,335.26
50.59,57.67,334.04
51.11,58.49,335.67
52,59.1,343.26
51.66,58.42,349.43
51.82,58.11,351.76
52.38,59.52,357.2
50.23,59.12,359.71
49.09,58.52,354
48.07,58.35,353.75
48.14,56.96,358.02
47.33,56.55,357.77
47.08,55.49,364.92
45.46,54.82,373.8
46.94,55.49,376.85
46.92,55.04,386.9
46.92,55.07,387.29
46.89,55.87,393.3
46.4,56.96,398.5
44.84,57.61,403.41
42.46,56.2,392.59
42.18,54.78,391.82
42.16,54.97,390.48
40.79,54.2,396.75
38.94,53.24,388.91
39.2,54.35,392.57
36.91,52.74,377.37
36.59,52.94,373.62
32.56,50.04,353.21
34.21,51.86,374.01
31.85,50.1,363.69
34.51,54.29,373.7
36.21,55.17,376.99
37.5,56.36,383.41
36.63,55.64,380.48
35.8,56.74,380.44
32.23,56.55,366.05
31.08,57.95,356.03
30.5,57.33,356.44
31.86,58.34,373.6
33.08,59.14,376.18
33.03,57.98,373.72
34.87,59.2,383.58
36.72,60.19,389.97
36.62,60.39,389.99
36.87,60.72,384.83
35.84,60.33,381.03
34.4,59.44,374.05
33.92,59.81,379.74
35.69,60.95,383.93
34.14,60.86,384.14
33.36,60.44,377.48
33.41,60.41,379.94
34.78,60.65,384.62
36.58,61.48,389.3
37.04,62.67,392.96
36.36,62.59,400.5
34.96,62.76,411.63
35.05,61.69,413.45
32.25,59.79,412.14
31.29,58.67,401.82
31.68,59.97,404.3
32.39,60.83,403.17
33.56,60.29,399.26
31.64,59.66,397.01
32.52,59,390.57
31.25,58.1,381.32
29.4,56.3,374.6
31.01,58.56,372.5
32.12,58.62,378.25
33.54,59.39,377.37
31.37,59.04,369.8
33.31,60.94,388.81
33.93,60.95,400.29
33.78,60.04,402.19
32.47,59.8,408.43
33.34,60.74,422
33.07,59.58,419.99
33.48,61.58,422.24
32.99,61.8,398.62
33.73,62.38,395.31
35.27,62.92,392.87
37.54,63.55,405.77
35.93,63.54,397.77
35.79,63.34,400.6
40,65.99,404.69
40.89,65.67,404.95
37.07,65.07,404.78
35.29,64.82,396.51
36.16,64.9,397.41
37.13,66.07,403.07
36.91,66.02,400.24
37.74,66.45,399.73
38.75,67.69,406.23
36.07,66.37,395.28
36.86,69.51,385.22
37.46,70.28,384.62
37.55,68.98,379.26
38.25,68.45,388.83
38.58,67.01,384.77
37.21,67.56,377.41
36.81,67.95,374.94
35.79,67.54,369.01
35.58,66.95,376.51
33.6,66.85,366.99
33.83,67.14,363.57
35.16,67.3,376.12
35.02,67.52,373.2
37.5,69.22,382.2
37.82,68.75,387.93
36.76,69.06,389.7
37.06,69.92,393.01
36.98,70.09,390.95
36.66,70,389.09
34.42,69.9,390.66
35.33,70.28,393.62
33.73,69.16,391.84
33.15,67.9,388.81
32.93,66.9,380.19
33.45,67.71,378.94
33.46,68,381.02
33.23,66.99,382.21
34.58,68.99,395.95
34.36,68.5,396.445
34.84,69.38,398.55
35.36,70.25,403.33
35.25,70.92,406.53
34.11,70.26,402.64
35.06,70.35,405.12
34.93,69.63,405
36.48,69.1,411.23
36.19,70.72,413.44
37,71.17,418.03
37.4,71.5,422.4
38.38,71.48,421.73
39.1,71.54,423.24
38.92,72.02,422.55
39.52,71.65,421.39
39.06,71.46,419.81
39.99,72.08,424.7
41.27,73.63,429.11
41.85,75.15,427.75
41,74.75,420.3
41,74.9,427.409
42.6,75.23,420.41
44.05,75.98,446.66
42.66,75.06,444.63
42.68,75.35,447.28
43.16,76.57,453.01
42.47,76.64,456.48
44.19,76.66,456.19
43.72,76.27,455.12
45.28,76.92,459.68
44.66,76.84,463.97
44.6,77.23,468.83
44.97,78.83,476.68
45.09,80.12,493.17
44.14,79.99,493.42
43.84,79.43,502.6
43.78,79.77,509.46
43.64,79.4,497.67
43.83,85.9,502.21
43.14,85.57,502.12
42.61,85.39,514.85
42.72,85.08,513.04
43.41,85.15,516.39
43.02,84.58,522.41
43.35,84.17,525.76
43.63,85.77,535.41
43.62,85.37,542.44
44.16,85.98,544.47
43.72,86.71,545.18
42.78,86.84,533.16
42.28,87.01,530.26
43.46,86.8,530.69
44.28,86.94,541.99
44.55,87.27,545.17
43.62,87.49,552
45.11,88.48,568.1
44.97,89.17,589.58
45.86,89.25,585.56
45.62,88.05,585.57
45.36,88.5,601.1
44.83,88.81,605.96
44.72,89.11,602.5
43.71,89.18,599.34
44.3,88.99,596.05
45.05,90.33,606.98
45.67,90.51,614.48
44.59,88.79,617.62
44.46,87.98,609.86
44.51,88.57,599.55
44.87,88.98,618.63
44.83,90,629.32
43.74,89.73,624.31
44.77,90.2,633.68
43.55,89.82,636.23
42.3,88.28,628.44
42.47,89.66,626.2
43.53,89.95,622.77
42.24,90.15,605.23
41.99,89.7,580.13
42.65,90.19,609.7
42.32,90.68,608.34
41.92,90.87,587.44
42.1,90.78,572.98
41.27,90.59,571.7
39.8,88.85,560.28
41.18,89.64,610
41.99,91.43,607.7
42.56,92.37,603
42.18,91.8,583.98
42.97,90.75,582.13
43.04,92.32,585.98
42.21,91.95,581.82
41.01,90.36,565.25
40.86,90.67,569.48
40.27,89.18,568.18
39.93,88.61,569.18
39.74,89.07,570.52
39.45,88.42,566.71
38.9,82.34,558.22
40.51,81.08,553.17
39.76,82.1,546.075
39.63,68.17,530.12
38.73,66.68,530.38
39.99,69.82,561.28
40.49,68.97,556.97
40.77,71.65,570.56
41.02,72.93,565.32
41.01,73.67,562.29
42.18,74.21,572.27
41.35,72.45,579.17
40.66,72.94,577.73
38.22,71.14,560.99
37.84,70.78,564.29
38.29,72.12,562.83
39.77,73.71,571.46
39.96,73.72,571.72
39.6,74.33,580.32
38.98,72.17,571.17
39.47,73.35,576.16
39,70.54,572.16
39.35,70.66,571.53
40.01,69.74,574.13
40.15,70.69,585.78
41.15,68.86,587.41
40.64,69.03,585.741
39.12,67.23,577.67
39.03,67.93,582.1
37.66,66.48,570.765
37.99,65.85,572.025
38.35,65.59,574.5
37.72,65.71,569.05
39.24,68.22,584
38.91,67.67,592.52
39.54,69.2,599.41
39.37,68.8,609.94
37.97,69.05,605.88
37.62,70.1,613.89
37.49,70.65,608.21
37.19,69.8,604.43
36.52,71.58,598.9
37.04,71.6,604.97
36.83,70.43,606.91
37.34,72.1,606.94
38.36,73.91,606.26
38.46,73.37,614.32
37.56,72.53,604.3
36.69,71.92,603.83
35.61,71.36,600.92
36.14,72.55,574.97
36.61,69.39,574.88
37.94,69.61,585.16
38.18,70.4,595.03
38.29,70.15,610.76
38.18,68.06,606.81
37.75,67.14,607.79
39.11,68.01,615.7
39.23,69.11,622.55
40.25,70.66,620.914
40.66,70.57,619.86
40.8,67.92,620.73
40.53,68.6,621.7
40.38,69.11,630
40.49,70.67,631.69
40.48,71.3,630.83
37.15,72.46,636.34
37.22,72.87,648.11
36.68,71.58,665.15
37.13,72,656.062
37.46,72.2,668.87
37.47,71.96,662.63
37.85,71.97,663.222
37.44,71.4,675.68
36.95,72.09,674.8
37.16,71.44,673.466
37.04,71.02,663.868
37.16,71.12,665.24
37.05,70.26,674.97
36.74,70.24,670.23
37.48,71.32,676.27
38.42,70.39,680.44
38.26,69.86,662.74
37.83,70.55,660.59
37.49,70.59,669.79
38.38,69.47,682.98
39.73,68,691.28
39.63,67.89,699.781
39.55,67.69,701.91
39.88,68.28,702.1
39.23,69.21,698.7
39,68.47,700.095
38.69,67.84,690.79
38.32,67.53,673.54
38.27,67.84,665.18
38.58,68.12,681.32
38.45,68.44,667.105
38.86,67.99,659.39
38.87,68.54,661.31
38.98,68.13,671.45
39.2,69.49,666.8
38.86,69.87,652.59
38.66,70.59,638.17
38.15,69.93,635.85
37.41,69.11,640.91
37.63,68.49,628.1
37.22,67.97,629.714
37.18,67.77,634.76
37.91,68.17,649.7925
38.06,68.35,644.6136
36.64,68.31,632.64
35.75,68.43,609.84
36,66.15,634.03
35.51,67.29,613.3554
35.85,66.85,616.83
36.11,67.9,609.538
35.94,68.14,604
35.9566666666666,69.0733333333333,601.106666666666
35.9733333333333,70.0066666666666,598.213333333333
35.99,70.94,595.32
37.1,81,596.5399
37,79.97,576.8
37.61,80.79,584.6211
38.28,80.44,582.8495
37.58,79.76,558.0019
36.88,79.4,537.75
36.91,78.41,547.06
36.82,78.27,542.83
36.33,79.27,542.898
36.14,77.85,536.88
35.75,77.5,525.62
35.81,76.9,527.678
37.51,77.79,565.73
36.28,77.65,560.9134
35.84,77.93,561.7
36.88,79.04,571.5
37.47,78.16,589.53
37.34,76.61,584.78
37.97,78.07,582.94
38.34,73.93,589.36
38.29,73.15,585.28
37.92,73.17,586.19
38.13,72.38,575.8454
38.66,72.2,538.7923
38.32,71.95,547.2445
37.81,71.62,533.25
38.56,72.7,529.8209
39.7,72.83,541.388
40.51,72.79,539
39.8,73.03,529.69
39.85,72.59,509.794
40.74,73.05,518.83
41.39,72.9,533.9
40.59,72.03,526.31
41.36,71.68,521.7302
41.05,70.27,519.33
41.07,70.78,520.168
40.89,70.6,512.9995
40.64,71.34,515.06
39.83,71.51,509.5892
40.94,72.35,532.1729
41.88,72.49,549.03
42.03,72.49,542.0959
42.86,73.62,527
42.55,73.37,523.9
42.21,72.17,525.31
43.35,72.39,517.1
43.67,71.76,523.51
43.43,72.29,520.3
43.54,72.58,501.75
43.24,73.64,485.92
43.05,73.36,506.09
43.87,73.42,502.68
44.15,73.75,500
44.64,74.08,504.77
44.3,74.75,514.005
44.66,75.01,450.5
45.29,75.25,439.88
45.18,75.94,449.83
44.64,74.57,458.27
44.4,73.53,456.83
44.78,73.52,455.49
45.29,73.66,453.62
44.26,72.23,442.316
45,73.27,457.844
45.09,72.9,457.35
45.01,77.14,468.22
45.08,78.9,474.98
44.6,78.39,479.93
44.62,78.6,467.9
44.75,78.97,467.01
44.58,78.84,466.59
42.25,79,460.16
43.01,80.72,459.99
42.24,79.5,448.85
41.63,79.06,446.06
41.8,79.21,450.81
41.29,78.36,442.8
40.97,77.15,448.97
41.73,77.3,444.57
41.48,76.34,441.4
41.93,76.37,430.47
42.03,77.02,420.05
42.66,76.95,431.144
43.24,76.18,425.662
43.25,76.22,430.582
43.03,76.84,431.72
42.81,77.53,437.87
42.62,77.36,428.43
43,78.77,428.35
43.32,77.67,432.5
43.01,79.57,443.66
42.55,80.7,455.72
42,80.07,454.49
42.7,80.22,452.08
41.65,80.03,452.73
41.25,79.81,461.91
41.13,80.53,463.58
41.82,81.6,461.136
42.09,81.64,452.08
41.97,82.65,442.66
40.93,82.34,428.91
40.66,82.83,429.792
40.52,82.12,431.99
41.41,82.2,427.72
41.54,80.95,423.2
41.66,80.63,426.21
41.65,78.71,426.98
42.26,81.23,435.69
43.86,83.01,434.33
44.75,81.99,429.8
43.04,80.27,419.85
43.39,80.47,426.24
42.19,79.82,402.8
41.83,78.92,392.05
42,79.93,390.53
41.85,79.07,398.67
42.61,80.55,406.13
42.85,81.18,405.462
42.73,83,408.38
41.3,82.94,417.205
41.46,83.02,430.12
41.44,83.88,442.78
41.31,84.34,439.29
41.48,84.59,445.52
41.55,84.56,449.98
42,84.91,460.71
42.4,85.58,458.658
42.94,85.12,463.84
43.16,84.72,456.77
43.63,85.43,452.97
43.04,85,454.74
43.97,86.12,443.86
45.68,86.4,428.85
44.99,85.42,434.578
45.56,86.16,433.26
46.34,86.52,442.93
46.75,87.18,439.66
46.24,85.8,441.354
45.74,84.08,442.14
45.59,83.39,445.15
46.43,83.63,441.439
46.05,82.16,444.95
46.05,82.07,451.58
45.45,81.52,449.735
45.51,82.55,450.72
45.42,81.99,449.31
44.53,81.55,445.11
45.01,83.23,438.46
45.15,84.32,441.811
44.73,83.62,438.89
44.4,82.69,437.6
43.92,82.35,432.19
44.49,82.75,435.965
44,82.48,430.05
44.38,82.48,432
44.8,83.69,431.77
43.52,84.07,423
42.32,82.88,416.838
42.98,80.74,413.5
42.31,80.22,402.54
42.48,81.39,402.63
42.34,79.75,398.07
43.08,80.02,393.78
42.76,81.17,396.53
43.59,81.89,409.22
43.09,81.47,418.49
43.17,81.99,420.8
44.23,82.58,417.42
44.36,83.72,415.05
44.6,83.2,422.35
45.31,82.75,420.73
45.72,82.76,427.288
45.75,82.67,426.51
46.11,83.38,427.44
45.91,82.38,430.195
45.61,81.49,430.31
45.9,82.5,431.758
46.2,82.21,424.95
46.8,82.75,426.31
46.47,82.7,418.99
46.76,81.53,440.51
46.66,82.22,438.5
45.6,82.64,440.99
45.34,82.33,447.79
44.85,82.19,453.32
44.73,82.49,452.53
46.04,83.43,456.676
46.38,83.47,462.54
45.94,83.41,469.45
46.08,83.18,465.25
46.28,82.29,464.98
45.85,81.65,461.01
46.22,83.17,454.45
46.45,82.45,467.36
46.92,84.49,489.57
46.51,83.55,498.5
46.96,81.88,497.91
46.79,80.8,502.33
46.44,80.35,507.74
47.03,81.66,501.07
46.89,81.73,502.36
47.97,81.8,502.96
47.68,83.01,501.02
47.6,83.1,502.97
46.97,81.53,488.59
46.74,81.07,490.896
46.8,81.26,491.7
46.64,80.07,487.216
46.93,79.78,488.58
47.87,79.78,498.691
47.68,80.04,495.27
47.43,79.12,498.22
47.95,79.64,506.17
48.55,81.08,494.64
48.96,81.44,467.71
48.62,80.37,472.69
48.46,79.38,464.9
48.74,79.72,450.12
48.87,79.93,455.32
49.32,80.36,464.68
50.98,80.71,472.3
52.15,80.65,467.41
51.67,79.79,490.64
51.6,80.1,489.1
51.83,81.46,481.53
52.09,81.68,486.22
51.63,82.06,482.75
51.25,82.68,476.75
51.9,83.48,487.96
51.57,82.62,489.56
51.06,81.9,483.41
51.78,83.16,483.03
51.13,81.98,487.75
50.13,81.25,480.94
49.95,80.48,486.588
50.99,81.76,489.638
51.46,82.33,492.812
51.36,83.61,496.04
50.88,82.5,498.68
51.56,96.16,501.114
52.65,97.22,504.5
52.99,98.7,508.89
51.99,98.45,521.362
51.02,98.72,519.8675
50.65,99.77,524.96
51.12,99.42,531.91
51.87,102.67,525.958
51.49,101,529.876
51.7,100.3,516.678
51.15,100,524.896
50.76,99.18,522.702
51.1,99.91,520.03
51.21,99.38,526.75
51.21,99.26,525.449
51.04,98.51,520.92
50.05,96.67,512.492
50.78,96.96,520.56
51.3,99.44,519.048
51.2,99.24,520.01
51.2,99.68,520.634
50.54,98.88,528.16
54.93,99.34,524.991
54.05,98.31,518.629
53.82,97.06,519.55
53.53,97.67,515
54.1,100.04,521.136
53.85,100.1,519.8
53.11,100.12,523.74
53.65,101.51,533.4
53.81,102.03,545.96
53.57,101.01,556.07
53.21,103.05,551.23
52.93,107.12,566.322
53.58,105.71,565
53.5,104.95,567.901
54.83,104.55,560.02
55.06,104.33,566.43
55.34,109.45,565.55
54.84,107.05,561.36
55.26,107.93,560.54
55.16,109.85,554.43
55.24,109.27,557.5
56.37,108.46,554.99
57.89,109.27,550.77
57.38,108.4,544.46
56.96,109.36,549.02
57.54,109.84,570.09
57.23,110.28,567.67
57.46,110.17,563.9
57.17,109.92,560.09
57.32,109.63,554.52
57.19,110.68,561.02
56.21,109.74,553.13
56.92,112.88,540.98
56.64,111.8,543.93
57.45,113.18,540.0375
58.39,112.3,543.46
58.41,113.55,536.519
58.93,115.64,532.94
58.93,114.29,535.73
59.88,117.6,546.39
60.34,117.47,557.36
60.5,117.88,554.25
60.71,118.44,540.67
60.85,118,549.07
60.93,117.75,551.51
59.47,116.33,556.18
57.87,115.98,546.07
58.3,115.4,550.5
58.1,116.25,506.5
57.65,113.9,500.75
59.51,115.2,499.782
58.15,114.81,500.6
56.15,110.22,501.53
57.81,110.25,508.79
57.43,110.75,512.59
58.29,124.86,512.51
59.42,125,519.68
59.01,123.32,528.99
59.73,125.44,535.96
59.89,124.96,535.92
60.08,126.26,544.43
55.25,127.34,543.99
55.15,126.79,545.99
55.94,125.94,537.37
57.29,127.56,531.15
56.34,127.92,525.25
56.75,126.5,527.55
56.89,125.5,522.06
57.1,125.79,517.35
56.36,125.03,527.67
56.93,127.36,526.24
56.71,126.28,527.76
57.78,126.42,531.24
57.8,125.59,532.36
58.77,126.74,530.75
58.42,126.8,530.44
58.15,126.78,530.92
56.86,126.94,536.09
57.06,126.49,536.61
55.85,124.56,530.65
55.44,124.6,524.69
55.8,126.3,526.74
56.79,125.95,531.4
56.63,124.52,531.26
56.7,124.75,528.7
56.09,126.33,532.87
55.26,124.7,539.19
55.16,123.56,544.99
55.17,122.75,539.78
54.69,123.89,537.46
54.69,124.65,536.86
55.92,126.5,536.74
56.36,127.25,541.65
56.67,126.86,542.55
56.6,126.4,538.79
55.57,121.64,531.82
54.35,118.11,523.47
54.66,119.16,523.44
55.57,121.58,530.32
54.05,118.61,523.48
52.77,116.25,519.61
52.65,117.2,521.68
53.11,117.54,517.9599
53.68,119.51,519.01
54.65,120.84,524.94
54.69,121.4,531.17
54.97,121.61,531.699
55.01,122.15,524.75
55.28,122.34,567.77
54.39,120.63,571.94
53.73,121.44,594.09
53.3,119.83,592.33
54.04,121.29,590.09
54.47,120.98,591.48
54.54,121.69,592.58
55.33,121.03,600.96
55.01,120.49,594.41
55.03,119.45,592.33
55.3,122.46,587.99
55.39,124.56,585.5425
56.41,125.25,592.83
56.83,123.41,593.76
55.85,123.14,593.87
54.49,124.23,588.82
55.03,121.67,597.51
54.97,122.8,604.59
54.31,122.11,604.71
54.99,122.58,606.31
55.54,122.5,607.27
56.18,123.24,614.13
56.28,121.44,625.63
57.11,121.11,624.01
56.96,122.31,635.38
56.94,124.17,633
56.89,124.47,628.65
57.22,125.23,637.54
57.45,126.46,644.82
58.6,127.43,647.35
59.01,128.41,645.57
59.28,127.71,93.7
58.89,126.97,94.25
58.91,126.14,93.86
58.4,124.28,92.29
58.5,124.8,91.28
58.32,125.01,92.2
58.87,125.95,92.08
59.27,129.72,92.18
58.62,128.84,91.86
58.77,129.8,90.91
58.11,130.67,90.83
57.65,131.66,90.28
57.97,129.85,90.36
57.82,130.53,90.9
57.5,133.48,91.98
57.44,134.92,92.93
58.25,134.53,93.52
58.05,134.25,93.48
58.46,134.94,94.03
58.12,134,95.968
57.15,132.27,95.35
56.9,133.58,95.39
56.49,133.16,95.035
56.6,133.29,95.22
56.82,134.81,96.45
56.66,132.64,95.32
56.96,131.82,94.78
55.15,129.86,93.0899
56.15,130.47,94.43
56.71,128.55,93.939
57.72,124.15,94.72
57.47,123.59,97.19
56.84,126.63,97.03
56.53,125.55,97.671
56.29,124.49,99.02
56.03,122.96,98.38
56.78,124.2,98.15
56.09,121.11,95.6
56.07,121.06,96.13
56.26,124.02,95.59
55.24,124.41,95.12
55.59,122.99,94.96
55.05,121.85,94.48
55.24,125.11,94.74
55.2,125.25,95.99
54.34,124.71,95.97
54.78,122.93,97.24
55.62,131.59,97.5
57.58,131.47,97.98
58.52,133.33,99.16
58.56,134.02,100.53
58.33,135.14,100.57
57.99,134.48,100.58
57.64,135.41,101.32
57.74,136.33,101.54
57.85,136.06,100.889
57.38,137.44,102.13
57.15,137.41,102.25
57.16,136.42,102.5
58.07,137.88,103.3
58.06,138.3,98.94
57.69,138.27,98.12
57.92,137.76,98.97
57.65,136.8,98.36
57.45,135.88,97.99
57.69,135.9,101
57.59,134.42,101.43
58.6,133.86,101.66
57.92,133.99,101.63
57.91,135.42,100.86
58.89,134.37,101.58
58.4,133.62,101.79
58.25,131.76,100.96
57.55,130.9,101.06
56.98,129.12,102.64
57.96,130.62,101.75
56.89,128.2,97.87
56.5,130.1,100.75
57.15,130.64,100.11
56.98,130.3,100.75
56.2,130.52,99.18
55.83,132.97,99.9
56.91,135.13,99.62
56.57,134.42,99.62
55,133.81,98.75
56.46,136.84,100.8
55.03,133.99,101.02
53.64,132.81,100.73
52.79,130.88,99.81
51.79,133.98,98.75
51.79,133.51,97.54
51.71,132.43,96.26
52.27,135.79,97.67
52.35,139.57,99.76
54,141.02,102.47
53.05,138.78,102.99
53.71,140.78,104.83
54.05,142.04,105.22
53.99,144.46,105.11
54.66,145.78,106.74
54.5,145.03,107.34
54.32,145.71,106.98
55.28,146.96,108
40.84,147.76,109.4
40.18,148.44,108.6
40.13,149.37,108.86
41.37,145.56,108.7
40.93,141.85,109.01
41.53,145.17,108.83
41.66,144.98,109.7
41.45,146.27,111.25
41.45,146,112.82
41.57,144.81,114.18
41.24,145.83,113.99
40.8,146.24,115.47
40.8,144.74,114.67
41.26,145.19,116.31
42.25,145.49,116.47
42.25,145.58,118.625
42.71,145.45,117.6
42.74,145.71,119
42.74,147.08,118.93
41.59,147.07,115.07
41.98,148.48,114.63
42.23,152.04,115.93
42.27,153.25,115.49
42.3,154.18,115
41.51,153.68,112.4
41.4,158.25,114.12
40.34,157.24,111.95
40.62,159.16,111.62
39.72,160.25,109.73
38.68,161.01,108.225
38.47,157.01,106.745
39.76,159.55,109.41
40.7,160.74,112.65
41.38,159.85,111.78
41.88,159.44,112.94
41.37,161.19,112.54
41.13,160.23,112.01
41.38,160,113.99
41.33,161.22,113.91
41.37,160.03,112.52
40.94,159.28,110.38
40.56,158.56,109.33
39.8,156.47,106.25
39.18,156.36,106.26
39.7,159.72,107.75
40.89,161.12,111.89
40.59,160.3,112.01
40.11,158.93,109.25
39.55,153.76,110.22
39.06,150.83,109.8
38.01,148.02,106.82
38.25,150,105.99
37.93,152.66,108.72
38.16,153.35,109.55
39.65,156.54,112.4
38.81,155.78,112.98
39.15,159.23,113.1
38.75,159.03,109.14
38,159.3,115.31
38.46,160.26,118.9
37.77,159,117.16
38.69,155.97,118.63
39.62,157.07,118.65
39.11,156.47,119.56
39.53,160.16,119.94
39.34,162,118.93
39.04,160.74,119.72
39.67,162.9,122.02
39.33,162.39,124.88
40.02,151.42,126.46
40.15,150.16,127.08
40.52,150.23,127.83
41.54,153.22,128.715
41.15,153.27,128.45
41.95,155.06,129.495
41.73,157.18,133
42.06,156.4,132.17
42.2,156.25,128.79
42.36,155.38,130.415
42.21,154.93,128.46
42.7,154.77,129.09
42.26,154.47,129.36
42,150.83,128.54
42.22,152.52,126.41
41.53,149.07,126.6
41.74,148.29,127.14
40.63,146.53,124.51
40.85,147.33,122.24
41.1,149.32,124.45
40.87,149.61,123.59
41.81,151.12,124.95
41.58,150,127.04
42.12,149.03,128.47
42.21,149.19,127.495
42.21,151.91,125.9
42.2,149.51,127.21
41.09,151.01,126.69
40.81,148.73,123.38
40.7,149.41,124.24
41.11,151.39,123.25
41.72,152.08,126.37
41.55,149.69,124.43
41.39,143.75,124.25
42.05,143.98,125.32
41.93,145.73,127.35
42.44,146.71,126.01
42.26,148.81,125.6
42.49,148.05,126.56
43.55,150.2,127.1
43.04,149.18,126.85
43.07,149.05,126.3
43.38,149.58,126.78
43.13,150,126.17
42.98,149.8,124.75
43.19,152.4,127.6
42.89,152.4,126.91
42.71,151.51,128.62
42.62,146.69,129.67
42.49,148.61,130.28
41.98,144.99,132.65
42.18,144.5,130.56
41.96,144.66,128.64
41.37,143,125.15
41.83,145.34,128.95
41.94,145.45,128.7
41.59,143.99,125.8
41.59,144.09,125.01
41.8,144.53,125.26
42.5,144.76,127.62
42.62,145.51,126.32
41.91,147.13,125.865
41.81,149.38,126.01
42.05,149.86,128.95
42.04,151.62,128.77
42.63,151.88,130.19
42.37,152.94,130.07
42.61,149.9,130.06
42.32,157.5,131.39
42.5,160.2,132.54
42.06,158,129.62
42.61,157.22,132.045
41.75,156.35,131.78
41.19,153.22,130.28
40.92,153.32,130.535
41.11,155.36,129.96
41.1,156.53,130.12
40.54,156.6,129.36
40.31,157.39,128.65
39.95,157.31,127.8
40.12,157.42,127.42
40.52,160.27,128.88
40.53,160.53,128.59
39.84,161.21,127.17
39.52,158.32,126.92
39.79,159.05,127.6
39.6,158.99,127.3
39.9,160.25,127.88
39.49,160.5,126.6
39.81,163.26,127.61
39.6,163.89,127.03
40.19,163.42,128.11
40.05,164.2,127.5
40.02,164.28,126.75
38.74,158.93,124.53
38.58,159.29,125.425
39.26,162.65,126.6
39.58,162.11,126.44
39.36,163.42,126
39.79,163.53,125.69
38.75,159.99,122.57
38.92,162.07,120.07
39.4,164.11,123.28
39.96,169.31,125.66
40.49,167.21,125.61
40.13,168.47,126.82
40.34,169.36,128.51
39.95,169.7,129.62
40.06,168.69,132.07
39.57,167.53,130.75
40.33,168.22,125.22
40.25,168.39,125.16
39.31,168.31,124.5
39.61,168.34,122.77
40.45,170.3,123.38
40.4,173.06,122.99
40.97,172.54,122.37
40.95,174.21,121.3
41,173.81,118.44
40.62,175.1,114.64
40.72,175.27,115.4
40.12,172.74,115.13
39.99,173.75,115.52
40.47,173.66,119.72
39.42,171.92,113.49
38.89,172,115.24
38.56,187.79,115.15
38.65,187.03,115.96
38.82,184.69,117.16
39.02,185.77,116.5
38.4,187.84,115.01
37.51,184.45,112.65
36.23,177.54,105.76
34.68,173.75,103.12
34.36,171.22,103.74
35.62,171.46,109.69
36.64,176.23,112.92
36.51,176.48,113.29
36.31,175.25,112.76
34.75,172.62,107.72
35.53,175.25,112.34
35.75,173.24,110.37
35.06,172.13,109.27
36.21,175.32,112.31
35.54,174.92,110.15
35.86,174.88,112.57
35.96,174.84,114.21
35.55,175,115.31
36.15,176.85,116.28
36.52,178.59,116.41
36.4,178.28,113.92
35.74,173.7,113.45
35.69,174.75,115.21
35.05,174.44,113.4
34.95,175.87,114.32
34.55,174.8,115
34.45,176.84,114.71
33.37,171.4,112.44
33.74,170.53,109.06
34.33,189.53,110.3
33.74,192.04,109.58
34.67,191.69,110.38
35.34,191.17,110.78
34.9,191.1,111.31
35.54,190.35,110.78
36.01,187.35,109.5
36.23,189.52,112.12
35.99,191.28,111.6
35.63,190.85,111.79
35.05,187.07,110.21
35.58,190.55,111.86
35.78,190.8,111.04
36.23,191.4,111.73
36.32,193.59,113.77
35.9,192.15,113.76
36.09,191.87,115.5
37.11,191.94,119.08
36.83,192.45,115.28
37.05,193.27,114.55
37.52,194.28,119.27
37.7,197.48,120.53
37.76,198.43,119.5
38.59,200.38,121.18
38.27,198.7,122.57
38.34,199.34,122
38.3,200.34,120.92
38.14,198.72,121.06
37.92,194.9,120.57
37.98,194.11,116.77
37.66,194.67,116.11
37.49,164.64,115.72
36.77,161.62,112.34
37.33,164.22,114.175
38.38,164.09,113.69
39.34,164.44,117.29
38.5,162.37,118.78
39.28,162.82,119.3
40.03,162.62,117.75
40.67,163.19,118.88
41.34,164.3,118.03
41.97,164.84,117.81
41.82,162.73,118.3
41.06,162.34,117.34
40.42,157.93,116.28
40.15,154.78,115.2
41.1,155.83,119.03
40.7,151.22,118.28
41.17,149.88,118.23
40.98,153.21,115.62
41.25,151.76,116.17
40.19,148.85,113.18
40.25,147.61,112.48
40.81,156.17,110.49
41.43,160.82,111.34
40.78,153.07,108.98
40.1,149.57,106.03
40.83,149.65,107.33
41.22,147.83,107.23
41.77,149.06,108.61
42.14,149.13,108.03
41.78,150.55,106.82
42.36,152.2,108.74
42.17,151.4,107.32
41.81,150.51,105.26
40.69,152.24,105.35
40.55,151.2,102.71
40.73,147.2,100.7
39,148.83,96.45
38.59,145.56,96.96
37.94,147.05,98.53
38.19,148.07,99.96
36.86,142.16,97.39
37.61,141.32,99.52
37.11,144.29,97.13
37.2,144.62,96.66
37.26,143.39,96.79
37.23,143.8,96.3
37.98,144.43,101.42
37.61,144.72,99.44
37.51,151.47,99.99
37.05,151.52,93.42
36.11,148.56,94.09
37.65,152.05,97.34
37.69,154.89,96.43
37.07,151.86,94.48
37.19,147.94,96.35
37.42,147.85,96.6
36.04,143.94,94.02
34.8,141.45,95.01
35.37,141.5,94.99
35.85,138.57,94.27
35.33,138.41,93.7
36.22,140.77,93.99
37.08,146,96.64
37.87,143.41,98.12
37.19,143.32,96.26
37.44,143.63,96.04
38.03,147.87,96.88
37.17,147.55,94.69
37.48,150.42,96.1
37.63,150.08,96.76
37.59,150.05,96.91
37.35,148.44,96.69
38.59,153.35,100.53
39.04,152.17,100.75
39.2,153.88,101.5
39.34,152.37,103.01
39.43,151.52,101.87
38.09,149.68,101.03
38.13,153.77,101.12
37.98,156.15,101.17
39.23,158.57,102.26
39.02,159.34,102.52
38.29,158.58,104.58
38.98,158.96,105.97
39.29,157.94,105.8
40.19,157.47,105.92
39.65,158.61,105.91
39.88,158.19,106.72
39.47,161.09,106.13
39.43,161.82,105.67
39.52,161.76,105.19
40.16,163.03,107.68
40.12,163.79,109.56
39.85,160.34,108.99
40.31,160.42,109.99
40.01,159.23,111.12
39.26,160.47,109.81
40.24,159.88,110.96
39.47,155.83,108.54
39.54,156.11,108.66
39.41,154.77,109.02
39.75,156.5,110.44
40.69,160.49,112.04
40.78,160.94,112.1
40.91,161.19,109.85
41.31,160.94,107.48
41.4,160.79,106.91
41.52,158.39,107.13
41.93,157.13,105.97
41.8,158.4,105.68
41.63,157.39,105.08
41.32,158.28,104.35
41.58,159.27,97.82
41.18,155.87,94.83
40.92,156.1,93.74
41.71,155.46,93.64
41.24,156.01,95.18
40.52,155.84,94.19
40.96,148.74,93.24
41.43,150.52,92.72
41.33,151.53,92.79
42,152.29,93.42
42.46,148.13,92.51
42.73,150,90.34
42.62,145.56,90.52
42.94,148.14,93.88
44.41,144.08,93.49
44.32,143.81,94.56
44.56,143.54,94.2
44.89,146.39,95.22
44.57,145.87,96.43
45.03,149.34,97.9
45.42,153.53,99.62
45.51,156.66,100.41
45.82,156.31,100.35
45.89,153.84,99.86
45.95,153.34,98.46
45.9,152.15,97.72
45.72,150.71,97.92
45.86,150.24,98.63
45.75,151.71,99.03
46.15,153.52,98.94
46.09,156.78,99.65
45.36,153.02,98.83
44.92,152.55,97.34
44.91,152.63,97.46
44.94,153.64,97.14
45.37,153.94,97.55
45.36,154.55,95.33
46.14,155.58,95.1
46.16,154.44,95.91
46.03,153.16,95.55
46.68,154.93,96.1
44.12,154.52,93.4
42.26,153.78,92.04
43.11,156.98,93.59
43.76,161.01,94.4
44.36,161.63,95.6
44.6,164.33,95.89
43.75,161.19,94.99
44.47,161.45,95.53
44.42,161.13,95.94
45.48,164.85,96.68
45.4,163.69,96.98
46.53,163.55,97.42
46.41,162.91,96.87
46.8,164.96,98.79
46.67,164.59,98.78
46.8,164.4,99.83
46.98,163.7,99.87
47.01,163.75,99.96
46.67,164.09,99.43
46.58,166.03,98.66
46.14,166.67,97.34
46.95,166.23,96.67
47.26,164.73,102.95
47.51,170.34,104.34
48.11,169.86,104.21
47.87,168.5,106.05
47.18,166.61,104.48
47.09,168.65,105.79
46.83,170.18,105.87
47.49,170.49,107.48
47.23,168.88,108.37
47.45,166.5,108.81
47.51,166.65,108
48.13,166.71,107.93
48.14,166,108.18
48.44,167.76,109.48
48.28,160.4,109.38
48.43,158.05,109.22
46.72,157.43,109.08
47.62,158.04,109.36
47.58,158.47,108.51
47.82,157.94,108.85
46.7,160.36,108.03
47.26,160.18,107.57
47.32,156.83,106.94
47.62,157.67,106.82
47.14,156.66,106
46.98,157.38,106.1
46.99,158.76,106.73
47,158.57,107.73
46.95,160.14,107.7
47.11,161.88,108.36
47.02,158.87,105.52
44.88,152.96,103.13
45.75,153.37,105.44
44.9,151.18,107.95
44.86,150.72,111.77
45.44,148.94,115.57
44.79,148.11,114.92
44.95,148.44,113.58
45.71,145.89,113.57
46.04,146.33,113.55
46.67,149.15,114.62
46.61,149.24,112.71
46.57,150.1,112.88
46.7,151.01,113.09
47.18,149,113.95
46.41,146.74,112.18
47.09,149.12,113.05
47.14,146.94,112.52
46.83,146.54,113
47.15,148.93,113.05
47.3,148.71,113.89
47.38,148.13,114.06
47.69,148.06,116.05
45.69,146.76,116.3
45.47,147.96,117.34
45.16,146.78,116.98
45.08,146.64,117.63
45.15,143.27,117.55
45.44,142.99,117.47
46.02,142.23,117.12
46.05,141.3,117.06
45.57,141.93,116.6
45.85,141.1,117.65
43.51,143.81,118.25
43.37,143.96,115.59
43.38,139.22,114.48
43.22,140.2,113.72
43.57,140.08,113.54
43.49,139.79,111.49
43.26,138.14,111.59
43.66,138.85,109.83
44.32,136.19,108.84
45.71,137.54,110.41
45.62,137.67,111.06
45.94,140.33,110.88
47.03,145.82,107.79
46.37,145.02,108.43
45.33,142.9,105.71
45.4,164.33,107.11
46.18,162.98,109.99
45.94,166.32,109.95
45.04,162.57,110.06
44.97,166.9,111.73
44.46,170.29,111.8
44.65,171.04,111.23
44.89,170.86,111.79
43.6,170.77,111.57
44.48,169.8,111.46
43.98,169.72,110.52
43.21,170.76,109.49
44.03,170.14,109.9
44.53,170.53,109.11
44.84,173.31,109.95
44.99,176.78,111.03
45.8,176.52,112.12
46.3,175.58,113.95
46.14,173,113.3
46.39,171.87,115.19
46.14,171.51,115.19
46.56,172.92,115.82
45.91,171.91,115.97
45.43,173.82,116.64
46.21,175.63,116.95
46.04,173.51,117.06
45.97,170.39,116.29
46.2,170.89,116.52
46.51,171.84,117.26
45.72,170.42,116.76
45.64,170.28,116.73
45.56,169.12,115.82
46.49,170.6,116.15
47.1,172,116.02
46.54,171.88,116.61
47.99,169.63,117.91
48.14,169.53,118.99
48.1,169.92,119.11
49.25,173.43,119.75
48.52,174.47,119.25
48.69,174.79,119.04
48.32,173,120
48.25,173.98,119.99
47.64,171.72,119.78
47.62,171.5,120
47.39,167.78,120.08
47.35,168.29,119.97
48.41,167.5,121.88
48.17,165.5,121.94
48.65,164.37,121.95
47.67,164.63,121.63
48.97,164.24,121.35
49.26,160.59,128.75
48.9,162.34,128.53
49.38,162.75,129.08
49.27,160.27,130.29
49.64,159.18,131.53
49.93,162.73,132.04
50.47,164.83,132.42
50.36,164.05,132.12
50.52,162.39,133.29
50.39,164.37,135.02
51.62,163.88,135.51
50.84,160.99,135.345
51.63,161.58,135.72
51.35,161.15,136.7
51.34,159.68,137.11
51.47,157.72,136.53
51.74,157.33,136.66
51.66,156.94,136.93
51.3,156.61,136.99
52.04,156.68,139.79
51.38,157.36,138.96
51.98,155.35,139.78
51.25,154.25,139.34
51.21,151.99,139.52
51.41,155.21,139
51.43,155.15,138.68
52.15,153.97,139.14
52.45,154.35,139.2
52.21,153.71,138.99
54.1,152.92,140.46
53.05,153.41,140.69
53.31,152.4,139.99
53.15,152.44,141.46
52.66,151.22,139.84
53.13,151.27,141.42
53.18,150.78,140.92
53.08,149.73,140.64
53.24,147.8,140.88
53.44,148.36,143.8
53.12,149.67,144.12
53.32,148.67,143.93
52.87,148.26,143.66
53.2,145.5,143.7
52.62,143.04,144.77
52.71,142.74,144.02
53.15,142.56,143.66
52.84,142.05,143.34
52.72,142.84,143.17
52.83,143.46,141.63
52.55,141.74,141.8
52.33,140.89,141.05
53.46,140.84,141.83
53.03,140.91,141.2
53.07,142.42,140.68
53.13,146.56,142.44
53.27,146.84,142.27
54.44,147.1,143.64
54.81,145.67,144.53
54.83,145.78,143.68
55.43,143.19,143.79
55.05,142.14,143.65
55.8,140.53,146.58
55.93,142.55,147.51
56.16,142.82,147.06
56.7,144.81,146.53
56.64,144.98,148.96
56.32,146.97,153.01
56.87,146.12,153.99
56.27,146.16,153.26
56.23,145.95,153.95
56.16,145.02,156.1
56.7,145.85,155.7
56.83,145.25,155.47
55.77,144.56,150.25
55.85,148.51,152.54
56.13,151.47,153.06
56.08,147.37,153.99
58.66,140.66,153.8
59.23,133.02,153.34
59.3,131.97,153.87
59.51,134.16,153.61
60.37,132.99,153.67
60.34,133.63,152.76
60.73,137.1,153.18
60.81,137.8,155.45
60.4,135.57,153.93
60.1,131.3,154.45
60.63,130.62,155.37
60.15,125.92,154.99
59.21,128.36,148.98
58.99,130.95,145.42
59.28,131.63,146.59
59.38,130.59,145.16
59.21,131.15,144.29
59.51,130.16,142.27
60.55,129.6,146.34
60.33,123.58,145.01
59.79,120.11,145.87
60.61,120.7,145.63
59.77,119.74,146.28
59.24,121.79,145.82
58.88,121.96,143.73
59.4,116.71,145.83
58.8,116.05,143.68
59.31,116.59,144.02
59.13,118.41,143.5
59.77,105.21,144.09
59.22,103.16,142.73
59.63,101.93,144.18
59.86,101.17,145.06
59.8,100.25,145.53
60.73,100.94,145.74
61.19,103.22,147.77
61.52,102.04,149.04
61.55,101.74,149.56
61.21,100.3,150.08
61.38,100.87,151.02
60.98,103.23,150.34
61.37,105.27,150.27
61.5,103.17,152.09
60.54,105.29,152.74
59.72,106.7,153.46
59.91,110.34,150.56
60.08,110.21,149.5
59.79,112.01,148.73
59.94,114.05,150.05
60.2,114.48,157.14
60.37,110.53,155.57
60.13,111.01,156.39
60.87,109.49,158.81
60.14,109.39,160.08
59.68,109.18,161.06
58.57,106.13,155.32
59.33,107.34,157.48
59.62,109.32,159.85
59.38,87.08,161.6
62.14,91.51,160.95
60.86,92.85,157.86
61.25,93.26,157.5
61.74,95.19,157.21
62.96,95.8,159.78
62.77,93.54,159.98
62.68,93.1,159.27
62.9,95.8,159.86
63.46,94.66,161.47
63.49,95.12,162.91
63.9,96.81,163.35
64.72,97.9,164
64.38,98.06,164.05
64.29,96.73,162.08
64.71,95.61,161.91
65.14,93.53,161.26
65.02,94.03,158.63
66.11,94.4,161.5
66.14,97.26,160.86
65.44,100.1,159.65
65.68,100.02,158.28
65.96,99.51,159.88
66.08,98.58,158.67
66.17,94.85,158.73
66.09,94.75,156.07
65.92,93.68,153.39
65.78,95.59,151.89
64.73,97.94,150.55
64.11,97.59,153.14
64.39,99.33,154.23
63.98,99.5,153.28
64.2,99.2,154.12
64.87,99.36,153.81
65.15,98.98,154.48
65.83,94.93,153.48
65.7,94.33,155.39
66.36,94.29,155.3
66.56,91.12,155.84
66.6,91.84,155.9
66.62,89.4,156.55
67.54,86.56,156
66.99,85.51,156.99
66.91,86.01,159.88
66.12,88.09,160.47
66.44,87.81,159.76
66.88,86.92,155.98
67.25,86.78,156.25
67.02,85.91,156.17
67.32,84.25,157.1
67.39,83.31,156.41
67.71,85.65,157.41
67.97,81.93,163.05
67.49,82,166.72
68.03,81.74,169.04
68.02,80.75,166.89
68.13,81.69,168.11
68.37,81.8,172.5
68.22,80.71,174.25
68.25,79.38,174.81
68.11,79.41,176.24
67.47,80.45,175.88
66.81,81.22,174.67
67.13,82.28,173.97
67.46,95.72,171.34
67.31,91.58,169.08
68.74,90.5,171.1
68.79,89.27,170.15
69.96,91.43,169.98
69.91,88.93,173.14
68.69,89.62,174.96
69.36,89.23,174.97
69.31,89.87,174.09
70.59,92.84,173.07
68.69,99.95,169.48
69.24,101,171.85
68.69,99.28,171.05
66.24,104.02,169.8
65.83,101.15,169.64
65.89,97.5,169.01
66.71,97.61,169.32
67.38,100.31,169.37
67,100.85,172.67
67.06,103.03,171.7
66.68,102.5,172.27
66.51,100.2,172.22
67.61,100.7,173.97
67.66,102.71,176.42
67.75,99.73,174.54
67.4,98.59,174.35
67.52,100.13,175.01
67.35,100.55,175.01
67.25,101.96,170.57
67.3,99.77,170.6
67.45,99.71,171.08
66.97,99.69,169.23
67.6,106.09,172.26
69.32,107.05,172.23
68.8,111,173.03
69.9,112.18,175
70.05,111.39,174.35
71.77,110.49,174.33
70.79,110.59,174.29
70.8,112.95,175.28
71.73,115.94,177.09
71.23,113.9,176.19
72.06,115.35,179.1
72.19,115.53,179.26
73.07,117.02,178.46
73.48,118.03,177
73.44,119.1,177.04
73.58,120.99,174.22
73.86,120.92,171.11
74.82,123.64,171.51
74.53,122.89,167.96
72.99,119.27,166.97
73.43,116.99,167.43
72.83,117.29,167.78
71.25,113.93,160.5
68.22,109.86,156.49
68.45,112.2,163.03
68.06,109.93,159.54
65.05,109.63,155.15
66.98,109.14,156.41
68.43,109.48,162.71
68.34,106.22,164.34
69.7,109.02,167.37
72.02,108.78,172.99
71.97,107.57,172.43
71.08,105.35,171.85
71.25,114,171.07
70.68,110.49,172.5
70.7,116.32,175.5
70.58,114.85,178.97
69,109.8,178.39
68.59,114.25,178.12
67.38,117.51,175
67.51,116.07,176.21
67.55,116.36,176.82
68.11,118.59,176.67
69.7,116.77,175.03
69.85,115.75,176.94
71.13,118.86,179.98
70.71,118.41,181.72
70.68,119,179.97
69.92,117.06,178.44
70.18,117.1,178.65
69.9,116.63,178.02
69.34,115.87,175.3
69.85,114.25,175.24
69.4,115.24,171.27
67.47,111.71,168.85
66.06,110.84,164.94
68.2,114.77,172.77
67,115.01,168.34
66.4,115.98,166.48
66.9,118.55,167.78
64.43,111.93,166.68
65.42,111.91,168.39
65.45,114.48,171.61
65.68,116.39,172.8
63.65,111.91,168.38
65.19,110.35,170.05
66.64,112.14,173.25
66.08,110.93,172.44
67.2,110.57,174.14
67.21,106.61,174.73
68.17,106.45,175.82
68.44,108.2,178.24
69.55,107.39,177.84
67.97,105.18,172.8
67.55,103.76,165.72
68.07,105.52,165.24
66.64,106.93,162.94
65.8,107.82,163.65
66.37,113.18,164.22
66.28,116.34,162.32
65.74,114.45,165.26
66.24,115.58,169.1
65.91,115.9,176.57
66.34,115.43,176.89
67,116.67,183.83
67.39,116.14,185.16
67.37,116.8,186.05
68.13,117.99,187.36
68.86,118.23,190.04
69.45,119.94,188.59
69.21,121.61,188.15
62.5,119.92,186.44
61.94,119.03,188.18
63.59,119.79,186.99
64.32,118.32,186.31
65.55,119.15,187.63
64.84,115.33,187.16
64.53,123.25,188.36
64.12,125.17,188.15
63.15,124.91,188.58
61.85,123.96,187.9
62.69,128.53,187.5
61.92,128.62,186.87
62.78,128.34,190.24
63.38,129.91,191.83
63.52,129.95,193.31
65.19,130.59,193.98
65.23,130.05,193.46
65.73,131.71,191.7
66.13,132.73,191.23
66.32,133.64,192.28
66.26,132.68,190.7
66.31,133.5,190.8
66.13,137.16,188.84
64.97,138.24,188.74
63.52,138.3,185.69
62.79,139.16,186.5
63.04,139.5,185.46
62.79,138.85,184.92
61.2,137.27,182.17
61.98,137.07,184.43
61.14,134.38,184.16
61.29,135.11,185.5
61.84,135.7,185.11
61.47,134.7,187.18
61.25,135.01,183.92
61.8,135.86,185.4
62.29,137.17,187.97
63.12,140.95,190.58
63.67,140.65,190.35
62.86,139.08,187.88
63.45,138.79,191.03
63.38,139.34,191.33
62.72,139.67,190.91
63.04,140.28,191.45
62.99,139.97,190.4
64.15,143.37,191.88
63.85,142.67,191.44
63.72,144.66,191.61
64.79,139.99,193
65.96,140.47,194.82
66.75,141.78,194.21
65.75,139.85,190.98
64.63,140.68,189.91
66.04,141.23,190.29
64.98,139.75,201.5
65.29,143.26,207.39
65.73,144.68,207.99
66.51,145.1,209.07
67.66,145.16,207.11
67.38,146.41,207.25
66.69,147.79,208.88
66.26,146.35,207.53
65.94,144.84,208.87
66.75,156.13,209.75
64.73,158.03,210.24
65.5,159.49,213.32
64.66,159.72,217.58
64.47,160.84,215.46
64.93,160.15,215.04
65.65,160.73,215.05
65.69,163.26,215.49
65.98,164.36,216.16
66.08,161.98,217.94
66.69,162.1,219.7
67.01,163.56,222.98
67.26,161.8,225.03
67.54,164.03,227.63
67.27,169.48,228.36
66.96,167,226.87
67.36,167.22,223.1
67.4,167.28,221.3
67.93,166.93,218.33
67.62,167.24,223.85
67.91,167.1,221.07
69.33,166.73,226.41
68.85,165.45,223.84
69.08,163.5,217.88
68.93,167.65,218.24
69.56,169.6,218.37
71.13,169.55,220.03
70.72,168.44,217.66
69.95,167.65,220.79
70.38,167.32,222.19
70.33,169.33,220.42
70.8,169.79,224.95
70.54,168.33,225.74
71.26,169.6,227.26
71.68,168.4,229.28
72.12,167.6,232.07
70.66,165.71,227.99
70.3,165.83,224.29
69.5,168.36,223.77
69.41,168.89,226.87
66.67,163.17,216.36
64.89,161.04,214.45
66.24,165.12,222.11
65.63,166.93,217.36
67.46,168.37,222.15
67.2,159.58,221.19
65.75,162.19,216.02
64.47,164.33,219.31
64.28,164.77,220.65
62.73,163.97,222.73
61.13,159.18,215.09
62.61,163.17,219.8
62.73,164.55,216.3
62.08,164.87,212.24
63.64,164.97,213.3
64.79,159.76,218.86
65.22,163.51,222.22
65.93,165,207.48
65.91,165.11,201.59
65.98,168.09,203.77
68.26,170.51,209.95
67.79,172.45,208.49
67.27,171.18,204.47
64.5,167.06,194.17
64.34,184.72,192.23
63.47,177.68,186.8
64.72,179.05,191.41
64.99,179.21,193.53
62.61,177.75,185.86
67.52,171.53,176.98
67.72,174.67,176.78
68.21,177.24,172.29
69.25,177.72,174.62
69.36,179.27,174.24
71.48,178.95,180.94
71.57,177.67,179.55
72.35,177.71,178.58
74.67,177.89,184.82
72.91,178.19,176.69
72.41,176.975,175.704999999999
71.91,175.76,174.72
70.25,167.59,168.49
70.59,166.17,169.6
71.05,165.8,168.63
71.75,166.98,169.1
71.14,166.29,170.95
69.36,163.78,165.48
67.85,158.84,163.94
67.99,158.24,166.07
66.83,156.12,160.89
65.19,152.5,156.83
63.29,151.41,150.73
62.67,148.92,146.83
65.54,155.03,157.17
66.48,154.69,156.15
65.96,155.46,156.23
67.46,157.46,157.74
65.69,157.92,157.92
63.27,162.85,142.19
65.46,158.81,148.26
66.85,161.14,147.93
67.83,160.02,150.75
69.25,164.43,153.31
69.9,165.07,153.8
70.38,159.42,152.29
69.75,158.72,150
70.6,160.28,153.07
70.03,162.44,154.94
70.82,166.28,155.86
71.93,167.61,156.82
71.32,164.13,153.3
71.65,164.33,153.92
72.18,156.31,152.7
73.65,153.22,157.76
73.27,154.86,156.3
73.56,155.39,154.68
75.44,159.04,165.25
76.05,159.2,166.44
76.04,159.04,166.52
76.03,161.35,171.25
76.31,161.46,174.18
76.3,157.22,174.24
75.33,163.13,170.94
75.8,162.41,170.41
76.08,165.13,169.43
77.07,167.89,170.89
77.25,166.46,170.18
77.02,168.74,170.8
78.3,169.99,170.42
77.52,167.14,170.93
78.56,166,172.03
77.89,161.31,171.06
78.42,161.47,172.97
79.34,157.71,174.23
78.55,162.92,174.33
79.42,158.3,174.87
79.44,161.78,173.15
81.24,160.62,174.97
80.13,158.4,175.85
79.74,157.31,175.53
78.75,157.97,174.52
78.73,154.13,172.5
77.98,151.77,172.91
79.3,155.46,178.9
79.93,154.87,180.91
80.13,154.7,181.71
80.61,154,183.73
81.1,154.84,186.12
80.97,161.57,188.02
81.2,163.42,186.53
80.92,164.15,188.16
82,169.07,195.09
78.99,164.84,191.05
79.52,167.78,188.74
80.65,168.27,186.79
79,166.89,188.47
79.7,168.75,188.72
80.38,170.53,189.95
81.56,173.63,191.24
81.14,173.34,194.02
81.94,171.69,195.35
80.83,174,195.69
81.47,176.78,197
81.69,177.59,200.1
81.42,175.65,199.5
81.68,178.8,200.62
81.08,180.96,198.95
80.98,180.11,198.87
80.4,181.43,199.23
77.55,179.95,199.25
75.43,176.81,203.13
76.17,175.4,203.86
75.57,170.08,204.53
75.56,172.47,207.48
75.79,171.86,207.16
76.72,170.64,205.28
77.42,170.19,204.3
77.33,166.77,204.61
78.5,166.32,200.67
77.47,163.83,210.52
78.2,166.78,209.15
79.29,163.27,211.75
79.35,161.99,208.48
76.67,160.66,202.86
76.61,158.62,202.9
77,159.89,200.72
77.1,158.12,197.18
73.84,155.37,185.72
76.01,155.75,188.66
67.64,155.83,190.92
69.3,157.28,190.08
69.11,157.97,189
68.93,158.64,183.09
68.32,161.3,186.6
67.97,166.29,182.78
67.7,159.8,179.66
68.36,158.09,178.97
67.08,154.56,178.23
67.3,155.78,177.38
66.89,159.39,178.3
67.05,155,175.07
66.99,153.17,173.3
67.95,154.61,179.64
68.35,154.61,182.54
69.16,154.9,185.22
69.52,155.35,190.15
70.29,153.52,192.58
70.09,152.17,194.81
70.29,150.54,194.19
70.3,150.61,194.15
69.97,151.8,192.74
70.29,151.74,193.89
71.91,154.83,198.45
72.65,153.77,197.87
73.32,153.27,199.46
73.34,153.24,198.78
73.14,152.33,198.58
72.51,154.5,195.57
72.14,149.93,199.8
73.19,151.71,199.74
74.67,154.14,197.92
75.78,156.59,201.55
75.61,159.79,202.73
76.8,160.63,204.41
75.75,160.62,204.23
73.84,158.19,200.02
73.45,155.5,201.24
73.37,156.43,203.23
71.74,156.29,201.75
71.65,158.58,203.3
70.55,158.92,205.21
69.95,161.76,204.5
69.59,157.67,203.35
70.13,157.9,205.66
68.7,156.93,202.59
69.09,158.9,207.22
69.89,157.64,208.84
69.58,158.5,208.67
69.85,150.03,207.02
69.5,152.62,207.74
70.37,153.04,209.68
70.15,151.8,208.78
69.41,150.64,213.04
69.21,149.95,208.43
68.08,145.78,204.02
65.86,143.16,193.34
67.66,145.64,197
67.97,144.04,199.04
69.49,144.43,203.43
68.64,144.33,200.99
66.63,142.16,200.48
67.64,142.23,208.97
65.59,136.49,202.75
69.59,137.5,201.74
71.08,136.59,206.5
71.75,136.35,210.35
71.12,135.38,210.36
72.2,136.23,212.64
71.74,137.5,212.46
69.55,135.05,202.64
69.64,135,206.49
69.48,134.89,204.16
69.94,136.76,205.53
70.7,138.07,209.01
71.11,137.95,208.74
70.41,140.36,205.7
70.86,141.89,209.19
73.52,146.55,213.28
74.28,147.21,213.26
74.18,147.43,214.17
74.77,154.7,216.7
76.99,158.86,223.59
77.57,155.2,223.085
77.9,157,218.75
77.15,156.07,219.9
76.4,156.07,220.7
77.57,153.79,222.77
78.07,152.8,220.96
77.97,155.69,217.73
78.06,161.22,218.72
75.97,159.22,217.68
76.33,162.28,221.03
76.52,160.38,219.89
76.39,161.68,218.82
76.63,165.4,223.97
74.84,167.29,224.59
73.35,162.96,218.96
73.87,159.86,220.82
75.88,159.94,227.01
75.1,158.27,227.06
72.49,154.33,224.4
73.47,154.41,227.03
74,155.95,230.09
75.3,158.56,236.21
75.18,157.32,235.87
75.75,159.73,235.32
75.27,162.75,234.37
74.92,163.75,235.28
74.57,163.5,236.41
75.48,166.03,240.51
74.69,165.98,239.96
74.98,165.12,243.18
75,166.81,243.58
75.39,165.56,246.58
76.15,166.41,249.05
76.17,164.35,243.29
76.12,163.97,243.26
75.75,162.48,248.76
76.97,164.82,255.82
76.74,166.61,257.5
75.55,168.14,257.13
75.79,169.7,257.24
75.91,169.28,259.43
76.64,167.4,260.14
76.85,168.82,262.2
77.05,156.14,261.96
77.16,158.58,264.47
76.76,156.83,262.64
78.26,162.66,265.76
77.94,163.67,267.1
79.29,161.98,266.29
78.52,161.74,263.19
78.3,158.33,262.01
79.12,157.87,261.78
80.26,159.15,266.37
80.95,157.09,264.29
81.08,158.78,267.84
80.77,157.08,267.25
80.35,156.55,264.16
80.1,152.61,259.45
80.93,152.33,261.74
81.53,152.29,265.58
82.21,154.62,270.71
81.62,151.57,266.92
82.93,156.17,268.48
83.42,155.9,270.77
84.81,156.12,271.46
83.71,155.21,275.15
84.45,153.5,279.86
83.95,157.98,280.41
83.43,158.03,279.74
84.51,156.48,280.02
85.19,158.12,279.44
85.26,159.97,284
85.3,160.57,284.27
85.45,159.27,289.91
85.42,158.35,289.8
84.9,159.12,291.52
85.31,160.16,293.65
